team_id,abbreviation,name,short_name,nickname,location,display_name,color,alternate_color,logo,conference_id,conference
2000,ACU,Wildcats,,Abilene Chrstn,Abilene Christian,Abilene Christian Wildcats,592d82,b1b3b3,https://a.espncdn.com/i/teamlogos/ncaa/500/2000.png,,
2005,AFA,Falcons,,Air Force,Air Force,Air Force Falcons,004a7b,ffffff,https://a.espncdn.com/i/teamlogos/ncaa/500/2005.png,,
2006,AKR,Zips,,Akron,Akron,Akron Zips,00285e,84754e,https://a.espncdn.com/i/teamlogos/ncaa/500/2006.png,,
2010,AAMU,Bulldogs,,Alabama A&M,Alabama A&M,Alabama A&M Bulldogs,790000,ffffff,https://a.espncdn.com/i/teamlogos/ncaa/500/2010.png,,
333,ALA,Crimson Tide,,Alabama,Alabama,Alabama Crimson Tide,9e1632,ffffff,https://a.espncdn.com/i/teamlogos/ncaa/500/333.png,,
2011,ALST,Lady Hornets,,Alabama St,Alabama State,Alabama State Lady Hornets,e9a900,0a0a0a,https://a.espncdn.com/i/teamlogos/ncaa/500/2011.png,,
2016,ALCN,Lady Braves,,Alcorn St,Alcorn State,Alcorn State Lady Braves,4b0058,46166a,https://a.espncdn.com/i/teamlogos/ncaa/500/2016.png,,
44,AMER,Eagles,,American,American University,American University Eagles,c41130,c8102e,https://a.espncdn.com/i/teamlogos/ncaa/500/44.png,,
2026,APP,Mountaineers,,App State,App State,App State Mountaineers,000000,ffcd00,https://a.espncdn.com/i/teamlogos/ncaa/500/2026.png,,
9,ASU,Sun Devils,,Arizona St,Arizona State,Arizona State Sun Devils,8e0c3a,ffc72c,https://a.espncdn.com/i/teamlogos/ncaa/500/9.png,,
12,ARIZ,Wildcats,,Arizona,Arizona,Arizona Wildcats,0c234b,ab0520,https://a.espncdn.com/i/teamlogos/ncaa/500/12.png,,
8,ARK,Razorbacks,,Arkansas,Arkansas,Arkansas Razorbacks,a41f35,ffffff,https://a.espncdn.com/i/teamlogos/ncaa/500/8.png,,
2032,ARST,Red Wolves,,Arkansas St,Arkansas State,Arkansas State Red Wolves,e81018,000000,https://a.espncdn.com/i/teamlogos/ncaa/500/2032.png,,
2029,UAPB,Golden Lions,,AR-Pine Bluff,Arkansas-Pine Bluff,Arkansas-Pine Bluff Golden Lions,e0aa0f,eaaa00,https://a.espncdn.com/i/teamlogos/ncaa/500/2029.png,,
349,ARMY,Black Knights,,Army,Army,Army Black Knights,ce9c00,231f20,https://a.espncdn.com/i/teamlogos/ncaa/500/349.png,,
2,AUB,Tigers,,Auburn,Auburn,Auburn Tigers,002b5c,f26522,https://a.espncdn.com/i/teamlogos/ncaa/500/2.png,,
2046,APSU,Governors,,Austin Peay,Austin Peay,Austin Peay Governors,8e0b0b,,https://a.espncdn.com/i/teamlogos/ncaa/500/2046.png,,
252,BYU,Cougars,,BYU,BYU,BYU Cougars,003da5,ffffff,https://a.espncdn.com/i/teamlogos/ncaa/500/252.png,,
2050,BALL,Cardinals,,Ball State,Ball State,Ball State Cardinals,DA0000,ffffff,https://a.espncdn.com/i/teamlogos/ncaa/500/2050.png,,
239,BAY,Bears,,Baylor,Baylor,Baylor Bears,154734,ffb81c,https://a.espncdn.com/i/teamlogos/ncaa/500/239.png,,
91,BELL,Knights,,Bellarmine,Bellarmine,Bellarmine Knights,000000,,https://a.espncdn.com/i/teamlogos/ncaa/500/91.png,,
2057,BEL,Bruins,,Belmont,Belmont,Belmont Bruins,182142,c9262d,https://a.espncdn.com/i/teamlogos/ncaa/500/2057.png,,
2065,BCU,Wildcats,,Bethune,Bethune-Cookman,Bethune-Cookman Wildcats,7b1831,e9aa12,https://a.espncdn.com/i/teamlogos/ncaa/500/2065.png,,
2066,BING,Bearcats,,Binghamton,Binghamton,Binghamton Bearcats,00614A,f0f0f0,https://a.espncdn.com/i/teamlogos/ncaa/500/2066.png,,
68,BOIS,Broncos,,Boise St,Boise State,Boise State Broncos,0033a0,fa4616,https://a.espncdn.com/i/teamlogos/ncaa/500/68.png,,
103,BC,Eagles,,Boston College,Boston College,Boston College Eagles,8c2232,dbcca6,https://a.espncdn.com/i/teamlogos/ncaa/500/103.png,,
104,BU,Terriers,,Boston U,Boston University,Boston University Terriers,cc0000,ffffff,https://a.espncdn.com/i/teamlogos/ncaa/500/104.png,,
189,BGSU,Falcons,,Bowling Green,Bowling Green,Bowling Green Falcons,2b1000,492000,https://a.espncdn.com/i/teamlogos/ncaa/500/189.png,,
71,BRAD,Braves,,Bradley,Bradley,Bradley Braves,b70002,c0c0c0,https://a.espncdn.com/i/teamlogos/ncaa/500/71.png,,
225,BRWN,Bears,,Brown,Brown,Brown Bears,411e09,949300,https://a.espncdn.com/i/teamlogos/ncaa/500/225.png,,
2803,BRY,Bulldogs,,Bryant,Bryant,Bryant Bulldogs,000000,9f8343,https://a.espncdn.com/i/teamlogos/ncaa/500/2803.png,,
2083,BUCK,Bison,,Bucknell,Bucknell,Bucknell Bison,000060,00316e,https://a.espncdn.com/i/teamlogos/ncaa/500/2083.png,,
2084,BUF,Bulls,,Buffalo,Buffalo,Buffalo Bulls,041A9B,ebebeb,https://a.espncdn.com/i/teamlogos/ncaa/500/2084.png,,
2086,BUT,Bulldogs,,Butler,Butler,Butler Bulldogs,0d1361,00a3e0,https://a.espncdn.com/i/teamlogos/ncaa/500/2086.png,,
13,CP,Mustangs,,Cal Poly,Cal Poly,Cal Poly Mustangs,1E4D2B,eed897,https://a.espncdn.com/i/teamlogos/ncaa/500/13.png,,
2934,CSUB,Roadrunners,,Bakersfield,Cal State Bakersfield,Cal State Bakersfield Roadrunners,003BAB,,https://a.espncdn.com/i/teamlogos/ncaa/500/2934.png,,
2239,CSUF,Titans,,Fullerton,Cal State Fullerton,Cal State Fullerton Titans,003767,ff8300,https://a.espncdn.com/i/teamlogos/ncaa/500/2239.png,,
2463,CSUN,Matadors,,CSU Northridge,Cal State Northridge,Cal State Northridge Matadors,b50000,,https://a.espncdn.com/i/teamlogos/ncaa/500/2463.png,,
2856,CBU,Lancers,,CA Baptist,California Baptist,California Baptist Lancers,000000,,https://a.espncdn.com/i/teamlogos/ncaa/500/2856.png,,
25,CAL,Golden Bears,,California,California,California Golden Bears,031522,ffc423,https://a.espncdn.com/i/teamlogos/ncaa/500/25.png,,
2097,CAM,Fighting Camels,,Campbell,Campbell,Campbell Fighting Camels,000000,,https://a.espncdn.com/i/teamlogos/ncaa/500/2097.png,,
2099,CAN,Golden Griffins,,Canisius,Canisius,Canisius Golden Griffins,004a81,dda50f,https://a.espncdn.com/i/teamlogos/ncaa/500/2099.png,,
2110,CARK,Sugar Bears,,C Arkansas,Central Arkansas,Central Arkansas Sugar Bears,a7a9ac,8e959a,https://a.espncdn.com/i/teamlogos/ncaa/500/2110.png,,
2115,CCSU,Blue Devils,,C Connecticut,Central Connecticut,Central Connecticut Blue Devils,1B49A2,d1d5d8,https://a.espncdn.com/i/teamlogos/ncaa/500/2115.png,,
2117,CMU,Chippewas,,C Michigan,Central Michigan,Central Michigan Chippewas,6a0032,ffc82e,https://a.espncdn.com/i/teamlogos/ncaa/500/2117.png,,
232,COFC,Cougars,,Charleston,Charleston,Charleston Cougars,7a2531,9e8959,https://a.espncdn.com/i/teamlogos/ncaa/500/232.png,,
2127,CHSO,Buccaneers,,Charleston So,Charleston Southern,Charleston Southern Buccaneers,2e3192,ded090,https://a.espncdn.com/i/teamlogos/ncaa/500/2127.png,,
2429,CLT,49ers,,Charlotte,Charlotte,Charlotte 49ers,ffffff,cfab7a,https://a.espncdn.com/i/teamlogos/ncaa/500/2429.png,,
236,UTC,Mocs,,Chattanooga,Chattanooga,Chattanooga Mocs,00386b,dca71d,https://a.espncdn.com/i/teamlogos/ncaa/500/236.png,,
2130,CHST,Cougars,,Chicago St,Chicago State,Chicago State Cougars,006700,,https://a.espncdn.com/i/teamlogos/ncaa/500/2130.png,,
2132,CIN,Bearcats,,Cincinnati,Cincinnati,Cincinnati Bearcats,000000,717073,https://a.espncdn.com/i/teamlogos/ncaa/500/2132.png,,
228,CLEM,Tigers,,Clemson,Clemson,Clemson Tigers,f56600,522d80,https://a.espncdn.com/i/teamlogos/ncaa/500/228.png,,
325,CLE,Vikings,,Cleveland St,Cleveland State,Cleveland State Vikings,006633,231f20,https://a.espncdn.com/i/teamlogos/ncaa/500/325.png,,
324,CCU,Chanticleers,,Coastal Car,Coastal Carolina,Coastal Carolina Chanticleers,007073,876447,https://a.espncdn.com/i/teamlogos/ncaa/500/324.png,,
2142,COLG,Raiders,,Colgate,Colgate,Colgate Raiders,821019,ffffff,https://a.espncdn.com/i/teamlogos/ncaa/500/2142.png,,
38,COLO,Buffaloes,,Colorado,Colorado,Colorado Buffaloes,000000,cfb87c,https://a.espncdn.com/i/teamlogos/ncaa/500/38.png,,
36,CSU,Rams,,Colorado St,Colorado State,Colorado State Rams,1e4d2b,c8c372,https://a.espncdn.com/i/teamlogos/ncaa/500/36.png,,
171,COLU,Lions,,Columbia,Columbia,Columbia Lions,174785,004b85,https://a.espncdn.com/i/teamlogos/ncaa/500/171.png,,
2154,COPP,Eagles,,Coppin St,Coppin State,Coppin State Eagles,2e3192,ffd204,https://a.espncdn.com/i/teamlogos/ncaa/500/2154.png,,
172,COR,Big Red,,Cornell,Cornell,Cornell Big Red,d60027,101010,https://a.espncdn.com/i/teamlogos/ncaa/500/172.png,,
156,CREI,Bluejays,,Creighton,Creighton,Creighton Bluejays,005ca9,6cadde,https://a.espncdn.com/i/teamlogos/ncaa/500/156.png,,
159,DART,Big Green,,Dartmouth,Dartmouth,Dartmouth Big Green,005730,000000,https://a.espncdn.com/i/teamlogos/ncaa/500/159.png,,
2166,DAV,Wildcats,,Davidson,Davidson,Davidson Wildcats,000000,e51837,https://a.espncdn.com/i/teamlogos/ncaa/500/2166.png,,
2168,DAY,Flyers,,Dayton,Dayton,Dayton Flyers,004B8D,ffffff,https://a.espncdn.com/i/teamlogos/ncaa/500/2168.png,,
305,DEP,Blue Demons,,DePaul,DePaul,DePaul Blue Demons,2d649c,ce1125,https://a.espncdn.com/i/teamlogos/ncaa/500/305.png,,
48,DEL,Blue Hens,,Delaware,Delaware,Delaware Blue Hens,033594,e8ce31,https://a.espncdn.com/i/teamlogos/ncaa/500/48.png,,
2169,DSU,Hornets,,Delaware St,Delaware State,Delaware State Hornets,FF3630,009cdd,https://a.espncdn.com/i/teamlogos/ncaa/500/2169.png,,
2172,DEN,Pioneers,,Denver,Denver,Denver Pioneers,98002e,a8996e,https://a.espncdn.com/i/teamlogos/ncaa/500/2172.png,,
2174,DETM,Titans,,Detroit Mercy,Detroit Mercy,Detroit Mercy Titans,165b9e,d31733,https://a.espncdn.com/i/teamlogos/ncaa/500/2174.png,,
2181,DRKE,Bulldogs,,Drake,Drake,Drake Bulldogs,005596,bec0c2,https://a.espncdn.com/i/teamlogos/ncaa/500/2181.png,,
2182,DREX,Dragons,,Drexel,Drexel,Drexel Dragons,020260,ffd65a,https://a.espncdn.com/i/teamlogos/ncaa/500/2182.png,,
150,DUKE,Blue Devils,,Duke,Duke,Duke Blue Devils,013088,ffffff,https://a.espncdn.com/i/teamlogos/ncaa/500/150.png,,
2184,DUQ,Dukes,,Duquesne,Duquesne,Duquesne Dukes,002D62,b90b2e,https://a.espncdn.com/i/teamlogos/ncaa/500/2184.png,,
151,ECU,Pirates,,East Carolina,East Carolina,East Carolina Pirates,4b1869,f0907b,https://a.espncdn.com/i/teamlogos/ncaa/500/151.png,,
2193,ETSU,Bucs,,ETSU,East Tennessee State,East Tennessee State Bucs,002d61,ffc423,https://a.espncdn.com/i/teamlogos/ncaa/500/2193.png,,
2837,ETAM,Lions,,E Texas A&M,East Texas A&M,East Texas A&M Lions,000000,,https://a.espncdn.com/i/teamlogos/ncaa/500/2837.png,,
2197,EIU,Panthers,,E Illinois,Eastern Illinois,Eastern Illinois Panthers,000000,bebab9,https://a.espncdn.com/i/teamlogos/ncaa/500/2197.png,,
2198,EKU,Colonels,,E Kentucky,Eastern Kentucky,Eastern Kentucky Colonels,660819,f0f0f0,https://a.espncdn.com/i/teamlogos/ncaa/500/2198.png,,
2199,EMU,Eagles,,E Michigan,Eastern Michigan,Eastern Michigan Eagles,00331b,f0f0f0,https://a.espncdn.com/i/teamlogos/ncaa/500/2199.png,,
331,EWU,Eagles,,E Washington,Eastern Washington,Eastern Washington Eagles,a10022,abb4bc,https://a.espncdn.com/i/teamlogos/ncaa/500/331.png,,
2210,ELON,Phoenix,,Elon,Elon,Elon Phoenix,020303,b59a57,https://a.espncdn.com/i/teamlogos/ncaa/500/2210.png,,
339,EVAN,Purple Aces,,Evansville,Evansville,Evansville Purple Aces,663399,ef6f00,https://a.espncdn.com/i/teamlogos/ncaa/500/339.png,,
2217,FAIR,Stags,,Fairfield,Fairfield,Fairfield Stags,000000,ebebeb,https://a.espncdn.com/i/teamlogos/ncaa/500/2217.png,,
161,FDU,Knights,,Fair Dickinson,Fairleigh Dickinson,Fairleigh Dickinson Knights,72293c,28334a,https://a.espncdn.com/i/teamlogos/ncaa/500/161.png,,
50,FAMU,Rattlers,,Florida A&M,Florida A&M,Florida A&M Rattlers,F89728,00843d,https://a.espncdn.com/i/teamlogos/ncaa/500/50.png,,
2226,FAU,Owls,,FAU,Florida Atlantic,Florida Atlantic Owls,00447c,d31245,https://a.espncdn.com/i/teamlogos/ncaa/500/2226.png,,
57,FLA,Gators,,Florida,Florida,Florida Gators,0021a5,fa4616,https://a.espncdn.com/i/teamlogos/ncaa/500/57.png,,
526,FGCU,Eagles,,FGCU,Florida Gulf Coast,Florida Gulf Coast Eagles,00885a,076c3b,https://a.espncdn.com/i/teamlogos/ncaa/500/526.png,,
2229,FIU,Panthers,,FIU,Florida International,Florida International Panthers,001538,c5960c,https://a.espncdn.com/i/teamlogos/ncaa/500/2229.png,,
52,FSU,Seminoles,,Florida St,Florida State,Florida State Seminoles,782f40,ceb888,https://a.espncdn.com/i/teamlogos/ncaa/500/52.png,,
2230,FOR,Rams,,Fordham,Fordham,Fordham Rams,830032,909090,https://a.espncdn.com/i/teamlogos/ncaa/500/2230.png,,
278,FRES,Bulldogs,,Fresno St,Fresno State,Fresno State Bulldogs,c41230,13284c,https://a.espncdn.com/i/teamlogos/ncaa/500/278.png,,
231,FUR,Paladins,,Furman,Furman,Furman Paladins,582c83,ffffff,https://a.espncdn.com/i/teamlogos/ncaa/500/231.png,,
2241,GWEB,Runnin' Bulldogs,,Gardner-Webb,Gardner-Webb,Gardner-Webb Runnin' Bulldogs,c12535,909090,https://a.espncdn.com/i/teamlogos/ncaa/500/2241.png,,
2244,GMU,Patriots,,George Mason,George Mason,George Mason Patriots,016600,ecb010,https://a.espncdn.com/i/teamlogos/ncaa/500/2244.png,,
45,GW,Revolutionaries,,G Washington,George Washington,George Washington Revolutionaries,002843,e8d2a1,https://a.espncdn.com/i/teamlogos/ncaa/500/45.png,,
46,GTWN,Hoyas,,Georgetown,Georgetown,Georgetown Hoyas,110E42,001c58,https://a.espncdn.com/i/teamlogos/ncaa/500/46.png,,
61,UGA,Lady Bulldogs,,Georgia,Georgia,Georgia Lady Bulldogs,ba0c2f,ffffff,https://a.espncdn.com/i/teamlogos/ncaa/500/61.png,,
290,GASO,Eagles,,GA Southern,Georgia Southern,Georgia Southern Eagles,003775,f0f0f0,https://a.espncdn.com/i/teamlogos/ncaa/500/290.png,,
2247,GAST,Panthers,,Georgia St,Georgia State,Georgia State Panthers,1e539a,ebebeb,https://a.espncdn.com/i/teamlogos/ncaa/500/2247.png,,
59,GT,Yellow Jackets,,Georgia Tech,Georgia Tech,Georgia Tech Yellow Jackets,003057,b3a369,https://a.espncdn.com/i/teamlogos/ncaa/500/59.png,,
2250,GONZ,Bulldogs,,Gonzaga,Gonzaga,Gonzaga Bulldogs,041e42,c8102e,https://a.espncdn.com/i/teamlogos/ncaa/500/2250.png,,
2755,GRAM,Lady Tigers,,Grambling,Grambling,Grambling Lady Tigers,ee8601,ffd10a,https://a.espncdn.com/i/teamlogos/ncaa/500/2755.png,,
2253,GCU,Lopes,,Grand Canyon,Grand Canyon,Grand Canyon Lopes,522398,ffffff,https://a.espncdn.com/i/teamlogos/ncaa/500/2253.png,,
2739,GB,Phoenix,,Green Bay,Green Bay,Green Bay Phoenix,006633,ffffff,https://a.espncdn.com/i/teamlogos/ncaa/500/2739.png,,
2261,HAMP,Lady Pirates,,Hampton,Hampton,Hampton Lady Pirates,0067AC,,https://a.espncdn.com/i/teamlogos/ncaa/500/2261.png,,
108,HARV,Crimson,,Harvard,Harvard,Harvard Crimson,990000,dbdbdb,https://a.espncdn.com/i/teamlogos/ncaa/500/108.png,,
62,HAW,Rainbow Wahine,,Hawai’i,Hawai'i,Hawai'i Rainbow Wahine,003420,ffffff,https://a.espncdn.com/i/teamlogos/ncaa/500/62.png,,
2272,HPU,Panthers,,High Point,High Point,High Point Panthers,b0b7bc,ebebeb,https://a.espncdn.com/i/teamlogos/ncaa/500/2272.png,,
2275,HOF,Pride,,Hofstra,Hofstra,Hofstra Pride,00337c,f6c934,https://a.espncdn.com/i/teamlogos/ncaa/500/2275.png,,
107,HC,Crusaders,,Holy Cross,Holy Cross,Holy Cross Crusaders,0a0a0a,080808,https://a.espncdn.com/i/teamlogos/ncaa/500/107.png,,
2277,HCU,Huskies,,Hou Christian,Houston Christian,Houston Christian Huskies,00539c,,https://a.espncdn.com/i/teamlogos/ncaa/500/2277.png,,
248,HOU,Cougars,,Houston,Houston,Houston Cougars,c92a39,ffffff,https://a.espncdn.com/i/teamlogos/ncaa/500/248.png,,
47,HOW,Bison,,Howard,Howard,Howard Bison,003a63,e51937,https://a.espncdn.com/i/teamlogos/ncaa/500/47.png,,
85,IUIN,Jaguars,,IU Indy,IU Indianapolis,IU Indianapolis Jaguars,A81F30,d59f0f,https://a.espncdn.com/i/teamlogos/ncaa/500/85.png,,
304,IDST,Bengals,,Idaho St,Idaho State,Idaho State Bengals,ef8c00,e9a126,https://a.espncdn.com/i/teamlogos/ncaa/500/304.png,,
70,IDHO,Vandals,,Idaho,Idaho,Idaho Vandals,000000,8c6e4a,https://a.espncdn.com/i/teamlogos/ncaa/500/70.png,,
356,ILL,Fighting Illini,,Illinois,Illinois,Illinois Fighting Illini,ff5f05,13294b,https://a.espncdn.com/i/teamlogos/ncaa/500/356.png,,
2287,ILST,Redbirds,,Illinois St,Illinois State,Illinois State Redbirds,CE1126,ffe716,https://a.espncdn.com/i/teamlogos/ncaa/500/2287.png,,
2916,UIW,Cardinals,,Incarnate Word,Incarnate Word,Incarnate Word Cardinals,000000,080808,https://a.espncdn.com/i/teamlogos/ncaa/500/2916.png,,
84,IU,Hoosiers,,Indiana,Indiana,Indiana Hoosiers,990000,edebeb,https://a.espncdn.com/i/teamlogos/ncaa/500/84.png,,
282,INST,Sycamores,,Indiana St,Indiana State,Indiana State Sycamores,00669a,f0f0f0,https://a.espncdn.com/i/teamlogos/ncaa/500/282.png,,
314,IONA,Gaels,,Iona,Iona,Iona Gaels,6f2c3e,f0ab00,https://a.espncdn.com/i/teamlogos/ncaa/500/314.png,,
2294,IOWA,Hawkeyes,,Iowa,Iowa,Iowa Hawkeyes,000000,fcd116,https://a.espncdn.com/i/teamlogos/ncaa/500/2294.png,,
66,ISU,Cyclones,,Iowa State,Iowa State,Iowa State Cyclones,822433,fdca2f,https://a.espncdn.com/i/teamlogos/ncaa/500/66.png,,
2296,JKST,Lady Tigers,,Jackson St,Jackson State,Jackson State Lady Tigers,123297,b5b7ba,https://a.espncdn.com/i/teamlogos/ncaa/500/2296.png,,
294,JAX,Dolphins,,Jacksonville,Jacksonville,Jacksonville Dolphins,00523e,,https://a.espncdn.com/i/teamlogos/ncaa/500/294.png,,
55,JVST,Gamecocks,,Jax State,Jacksonville State,Jacksonville State Gamecocks,b50500,b5b7ba,https://a.espncdn.com/i/teamlogos/ncaa/500/55.png,,
256,JMU,Dukes,,James Madison,James Madison,James Madison Dukes,450084,b5a068,https://a.espncdn.com/i/teamlogos/ncaa/500/256.png,,
140,KC,Roos,,Kansas City,Kansas City,Kansas City Roos,004b87,ffc72c,https://a.espncdn.com/i/teamlogos/ncaa/500/140.png,,
2305,KU,Jayhawks,,Kansas,Kansas,Kansas Jayhawks,0051ba,e8000d,https://a.espncdn.com/i/teamlogos/ncaa/500/2305.png,,
2306,KSU,Wildcats,,Kansas St,Kansas State,Kansas State Wildcats,3c0969,e2e3e4,https://a.espncdn.com/i/teamlogos/ncaa/500/2306.png,,
338,KENN,Owls,,Kennesaw St,Kennesaw State,Kennesaw State Owls,fdbb30,000000,https://a.espncdn.com/i/teamlogos/ncaa/500/338.png,,
2309,KENT,Golden Flashes,,Kent State,Kent State,Kent State Golden Flashes,003976,efab00,https://a.espncdn.com/i/teamlogos/ncaa/500/2309.png,,
96,UK,Wildcats,,Kentucky,Kentucky,Kentucky Wildcats,0033a0,ffffff,https://a.espncdn.com/i/teamlogos/ncaa/500/96.png,,
99,LSU,Tigers,,LSU,LSU,LSU Tigers,461d7c,fdd023,https://a.espncdn.com/i/teamlogos/ncaa/500/99.png,,
2325,LAS,Explorers,,La Salle,La Salle,La Salle Explorers,003356,ffce00,https://a.espncdn.com/i/teamlogos/ncaa/500/2325.png,,
322,LAF,Leopards,,Lafayette,Lafayette,Lafayette Leopards,790000,a59474,https://a.espncdn.com/i/teamlogos/ncaa/500/322.png,,
2320,LAM,Cardinals,,Lamar,Lamar,Lamar Cardinals,000000,ebebeb,https://a.espncdn.com/i/teamlogos/ncaa/500/2320.png,,
2330,LEM,Dolphins,,Le Moyne,Le Moyne,Le Moyne Dolphins,000000,,https://a.espncdn.com/i/teamlogos/ncaa/500/2330.png,,
2329,LEH,Mountain Hawks,,Lehigh,Lehigh,Lehigh Mountain Hawks,6c2b2a,b69e70,https://a.espncdn.com/i/teamlogos/ncaa/500/2329.png,,
2335,LIB,Flames,,Liberty,Liberty,Liberty Flames,071740,a61f21,https://a.espncdn.com/i/teamlogos/ncaa/500/2335.png,,
2815,LIN,Lions,,Lindenwood,Lindenwood,Lindenwood Lions,000000,,https://a.espncdn.com/i/teamlogos/ncaa/500/2815.png,,
288,LIP,Bisons,,Lipscomb,Lipscomb,Lipscomb Bisons,20366C,f6b734,https://a.espncdn.com/i/teamlogos/ncaa/500/288.png,,
2031,LR,Trojans,,Little Rock,Little Rock,Little Rock Trojans,AD0000,898d8f,https://a.espncdn.com/i/teamlogos/ncaa/500/2031.png,,
299,LBSU,Beach,,Long Beach St,Long Beach State,Long Beach State Beach,000000,f1f2f3,https://a.espncdn.com/i/teamlogos/ncaa/500/299.png,,
112358,LIU,Sharks,,Long Island,Long Island University,Long Island University Sharks,50c9f7,ffbf00,https://a.espncdn.com/i/teamlogos/ncaa/500/112358.png,,
2344,LONG,Lancers,,Longwood,Longwood,Longwood Lancers,003273,9ea2a3,https://a.espncdn.com/i/teamlogos/ncaa/500/2344.png,,
309,UL,Ragin' Cajuns,,Louisiana,Louisiana,Louisiana Ragin' Cajuns,ce181e,ffffff,https://a.espncdn.com/i/teamlogos/ncaa/500/309.png,,
2348,LT,Lady Techsters,,Louisiana Tech,Louisiana Tech,Louisiana Tech Lady Techsters,002d65,d3313a,https://a.espncdn.com/i/teamlogos/ncaa/500/2348.png,,
97,LOU,Cardinals,,Louisville,Louisville,Louisville Cardinals,c9001f,000000,https://a.espncdn.com/i/teamlogos/ncaa/500/97.png,,
2350,LUC,Ramblers,,Loyola Chicago,Loyola Chicago,Loyola Chicago Ramblers,9d1244,,https://a.espncdn.com/i/teamlogos/ncaa/500/2350.png,,
2352,L-MD,Greyhounds,,Loyola MD,Loyola Maryland,Loyola Maryland Greyhounds,76a7a0,c9cbca,https://a.espncdn.com/i/teamlogos/ncaa/500/2352.png,,
2351,LMU,Lions,,LMU,Loyola Marymount,Loyola Marymount Lions,880029,00345b,https://a.espncdn.com/i/teamlogos/ncaa/500/2351.png,,
311,ME,Black Bears,,Maine,Maine,Maine Black Bears,127dbe,,https://a.espncdn.com/i/teamlogos/ncaa/500/311.png,,
2363,MAN,Jaspers,,Manhattan,Manhattan,Manhattan Jaspers,4f8537,b5b7ba,https://a.espncdn.com/i/teamlogos/ncaa/500/2363.png,,
2368,MRST,Red Foxes,,Marist,Marist,Marist Red Foxes,e53730,f0f0f0,https://a.espncdn.com/i/teamlogos/ncaa/500/2368.png,,
269,MARQ,Golden Eagles,,Marquette,Marquette,Marquette Golden Eagles,003366,ffcc00,https://a.espncdn.com/i/teamlogos/ncaa/500/269.png,,
276,MRSH,Thundering Herd,,Marshall,Marshall,Marshall Thundering Herd,00ae42,be854c,https://a.espncdn.com/i/teamlogos/ncaa/500/276.png,,
2379,UMES,Hawks,,MD Eastern,Maryland Eastern Shore,Maryland Eastern Shore Hawks,5c2301,b5b7ba,https://a.espncdn.com/i/teamlogos/ncaa/500/2379.png,,
120,MD,Terrapins,,Maryland,Maryland,Maryland Terrapins,D5002B,ffcd00,https://a.espncdn.com/i/teamlogos/ncaa/500/120.png,,
113,MASS,Minutewomen,,UMass,Massachusetts,Massachusetts Minutewomen,880007,,https://a.espncdn.com/i/teamlogos/ncaa/500/113.png,,
2377,MCN,Cowgirls,,McNeese,McNeese,McNeese Cowgirls,00529C,,https://a.espncdn.com/i/teamlogos/ncaa/500/2377.png,,
235,MEM,Tigers,,Memphis,Memphis,Memphis Tigers,004991,8e908f,https://a.espncdn.com/i/teamlogos/ncaa/500/235.png,,
2382,MER,Bears,,Mercer,Mercer,Mercer Bears,ff7f29,080808,https://a.espncdn.com/i/teamlogos/ncaa/500/2382.png,,
2771,MRMK,Warriors,,Merrimack,Merrimack,Merrimack Warriors,2f4f93,e8c535,https://a.espncdn.com/i/teamlogos/ncaa/500/2771.png,,
193,M-OH,RedHawks,,Miami OH,Miami (OH),Miami (OH) RedHawks,a4000c,f0f0f0,https://a.espncdn.com/i/teamlogos/ncaa/500/193.png,,
2390,MIA,Hurricanes,,Miami,Miami,Miami Hurricanes,005030,f47321,https://a.espncdn.com/i/teamlogos/ncaa/500/2390.png,,
127,MSU,Spartans,,Michigan St,Michigan State,Michigan State Spartans,18453b,ffffff,https://a.espncdn.com/i/teamlogos/ncaa/500/127.png,,
130,MICH,Wolverines,,Michigan,Michigan,Michigan Wolverines,00274c,ffcb05,https://a.espncdn.com/i/teamlogos/ncaa/500/130.png,,
2393,MTSU,Blue Raiders,,MTSU,Middle Tennessee,Middle Tennessee Blue Raiders,006db6,ffffff,https://a.espncdn.com/i/teamlogos/ncaa/500/2393.png,,
270,MILW,Panthers,,Milwaukee,Milwaukee,Milwaukee Panthers,000000,ffc20e,https://a.espncdn.com/i/teamlogos/ncaa/500/270.png,,
135,MINN,Golden Gophers,,Minnesota,Minnesota,Minnesota Golden Gophers,5e0a2f,fab41c,https://a.espncdn.com/i/teamlogos/ncaa/500/135.png,,
344,MSST,Bulldogs,,Mississippi St,Mississippi State,Mississippi State Bulldogs,5d1725,c1c6c8,https://a.espncdn.com/i/teamlogos/ncaa/500/344.png,,
2400,MVSU,Devilettes,,Miss Valley St,Mississippi Valley State,Mississippi Valley State Devilettes,005328,cf2d34,https://a.espncdn.com/i/teamlogos/ncaa/500/2400.png,,
2623,MOST,Lady Bears,,Missouri St,Missouri State,Missouri State Lady Bears,5F0000,e8e8e8,https://a.espncdn.com/i/teamlogos/ncaa/500/2623.png,,
142,MIZ,Tigers,,Missouri,Missouri,Missouri Tigers,f1b82d,000000,https://a.espncdn.com/i/teamlogos/ncaa/500/142.png,,
2405,MONM,Hawks,,Monmouth,Monmouth,Monmouth Hawks,051844,,https://a.espncdn.com/i/teamlogos/ncaa/500/2405.png,,
149,MONT,Lady Griz,,Montana,Montana,Montana Lady Griz,751D4A,666666,https://a.espncdn.com/i/teamlogos/ncaa/500/149.png,,
147,MTST,Bobcats,,Montana St,Montana State,Montana State Bobcats,00205c,bc955c,https://a.espncdn.com/i/teamlogos/ncaa/500/147.png,,
2413,MORE,Eagles,,Morehead St,Morehead State,Morehead State Eagles,094FA3,fed91a,https://a.espncdn.com/i/teamlogos/ncaa/500/2413.png,,
2415,MORG,Lady Bears,,Morgan St,Morgan State,Morgan State Lady Bears,014786,f47937,https://a.espncdn.com/i/teamlogos/ncaa/500/2415.png,,
116,MSM,Mountaineers,,Mount St Marys,Mount St. Mary's,Mount St. Mary's Mountaineers,005596,ebebeb,https://a.espncdn.com/i/teamlogos/ncaa/500/116.png,,
93,MUR,Racers,,Murray St,Murray State,Murray State Racers,002148,000e00,https://a.espncdn.com/i/teamlogos/ncaa/500/93.png,,
152,NCSU,Wolfpack,,NC State,NC State,NC State Wolfpack,cc0000,ffffff,https://a.espncdn.com/i/teamlogos/ncaa/500/152.png,,
2885,NJIT,Highlanders,,NJIT,NJIT,NJIT Highlanders,EE3024,df3e2e,https://a.espncdn.com/i/teamlogos/ncaa/500/2885.png,,
2426,NAVY,Midshipmen,,Navy,Navy,Navy Midshipmen,00225b,b5a67c,https://a.espncdn.com/i/teamlogos/ncaa/500/2426.png,,
158,NEB,Cornhuskers,,Nebraska,Nebraska,Nebraska Cornhuskers,d00000,ffffff,https://a.espncdn.com/i/teamlogos/ncaa/500/158.png,,
2440,NEV,Wolf Pack,,Nevada,Nevada,Nevada Wolf Pack,002d62,ffffff,https://a.espncdn.com/i/teamlogos/ncaa/500/2440.png,,
160,UNH,Wildcats,,New Hampshire,New Hampshire,New Hampshire Wildcats,004990,c3c4c6,https://a.espncdn.com/i/teamlogos/ncaa/500/160.png,,
167,UNM,Lobos,,New Mexico,New Mexico,New Mexico Lobos,000000,231f20,https://a.espncdn.com/i/teamlogos/ncaa/500/167.png,,
166,NMSU,Aggies,,New Mexico St,New Mexico State,New Mexico State Aggies,891216,000000,https://a.espncdn.com/i/teamlogos/ncaa/500/166.png,,
2443,UNO,Privateers,,New Orleans,New Orleans,New Orleans Privateers,005da6,a2a9ae,https://a.espncdn.com/i/teamlogos/ncaa/500/2443.png,,
315,NIA,Purple Eagles,,Niagara,Niagara,Niagara Purple Eagles,69207E,f0f0f0,https://a.espncdn.com/i/teamlogos/ncaa/500/315.png,,
2447,NICH,Colonels,,Nicholls,Nicholls,Nicholls Colonels,C41230,f0f0f0,https://a.espncdn.com/i/teamlogos/ncaa/500/2447.png,,
2450,NORF,Spartans,,Norfolk St,Norfolk State,Norfolk State Spartans,0c8968,fdb813,https://a.espncdn.com/i/teamlogos/ncaa/500/2450.png,,
2453,UNA,Lions,,North Alabama,North Alabama,North Alabama Lions,000000,,https://a.espncdn.com/i/teamlogos/ncaa/500/2453.png,,
2448,NCAT,Aggies,,NC A&T,North Carolina A&T,North Carolina A&T Aggies,0505aa,004684,https://a.espncdn.com/i/teamlogos/ncaa/500/2448.png,,
2428,NCCU,Eagles,,NC Central,North Carolina Central,North Carolina Central Eagles,880023,c2c3c0,https://a.espncdn.com/i/teamlogos/ncaa/500/2428.png,,
153,UNC,Tar Heels,,North Carolina,North Carolina,North Carolina Tar Heels,7bafd4,13294b,https://a.espncdn.com/i/teamlogos/ncaa/500/153.png,,
155,UND,Fighting Hawks,,North Dakota,North Dakota,North Dakota Fighting Hawks,00A26B,c2c3c0,https://a.espncdn.com/i/teamlogos/ncaa/500/155.png,,
2449,NDSU,Bison,,N Dakota St,North Dakota State,North Dakota State Bison,01402A,ffffff,https://a.espncdn.com/i/teamlogos/ncaa/500/2449.png,,
2454,UNF,Ospreys,,North Florida,North Florida,North Florida Ospreys,004B8D,babcbe,https://a.espncdn.com/i/teamlogos/ncaa/500/2454.png,,
249,UNT,Mean Green,,North Texas,North Texas,North Texas Mean Green,ffffff,000000,https://a.espncdn.com/i/teamlogos/ncaa/500/249.png,,
111,NE,Huskies,,Northeastern,Northeastern,Northeastern Huskies,CC0001,c2c3c0,https://a.espncdn.com/i/teamlogos/ncaa/500/111.png,,
2464,NAU,Lumberjacks,,N Arizona,Northern Arizona,Northern Arizona Lumberjacks,003976,1b3069,https://a.espncdn.com/i/teamlogos/ncaa/500/2464.png,,
2458,UNCO,Bears,,N Colorado,Northern Colorado,Northern Colorado Bears,13558D,ffc533,https://a.espncdn.com/i/teamlogos/ncaa/500/2458.png,,
2459,NIU,Huskies,,N Illinois,Northern Illinois,Northern Illinois Huskies,F1122C,cc0000,https://a.espncdn.com/i/teamlogos/ncaa/500/2459.png,,
2460,UNI,Panthers,,Northern Iowa,Northern Iowa,Northern Iowa Panthers,473282,ffffff,https://a.espncdn.com/i/teamlogos/ncaa/500/2460.png,,
94,NKU,Norse,,N Kentucky,Northern Kentucky,Northern Kentucky Norse,ffc82e,000000,https://a.espncdn.com/i/teamlogos/ncaa/500/94.png,,
2466,NWST,Lady Demons,,N'Western St,Northwestern State,Northwestern State Lady Demons,492F91,ed6118,https://a.espncdn.com/i/teamlogos/ncaa/500/2466.png,,
77,NU,Wildcats,,Northwestern,Northwestern,Northwestern Wildcats,582c83,ffffff,https://a.espncdn.com/i/teamlogos/ncaa/500/77.png,,
87,ND,Fighting Irish,,Notre Dame,Notre Dame,Notre Dame Fighting Irish,0c2340,c99700,https://a.espncdn.com/i/teamlogos/ncaa/500/87.png,,
2473,OAK,Golden Grizzlies,,Oakland,Oakland,Oakland Golden Grizzlies,04091c,bc955c,https://a.espncdn.com/i/teamlogos/ncaa/500/2473.png,,
195,OHIO,Bobcats,,Ohio,Ohio,Ohio Bobcats,295A29,e4bb85,https://a.espncdn.com/i/teamlogos/ncaa/500/195.png,,
194,OSU,Buckeyes,,Ohio State,Ohio State,Ohio State Buckeyes,ce1141,505056,https://a.espncdn.com/i/teamlogos/ncaa/500/194.png,,
201,OU,Sooners,,Oklahoma,Oklahoma,Oklahoma Sooners,a32036,ffffff,https://a.espncdn.com/i/teamlogos/ncaa/500/201.png,,
197,OKST,Cowgirls,,Oklahoma St,Oklahoma State,Oklahoma State Cowgirls,000000,dddddd,https://a.espncdn.com/i/teamlogos/ncaa/500/197.png,,
295,ODU,Monarchs,,Old Dominion,Old Dominion,Old Dominion Monarchs,00507d,a1d2f1,https://a.espncdn.com/i/teamlogos/ncaa/500/295.png,,
145,MISS,Rebels,,Ole Miss,Ole Miss,Ole Miss Rebels,13294b,c8102e,https://a.espncdn.com/i/teamlogos/ncaa/500/145.png,,
2437,OMA,Mavericks,,Omaha,Omaha,Omaha Mavericks,e3193e,,https://a.espncdn.com/i/teamlogos/ncaa/500/2437.png,,
198,ORU,Golden Eagles,,Oral Roberts,Oral Roberts,Oral Roberts Golden Eagles,002462,dac792,https://a.espncdn.com/i/teamlogos/ncaa/500/198.png,,
2483,ORE,Ducks,,Oregon,Oregon,Oregon Ducks,007030,fee11a,https://a.espncdn.com/i/teamlogos/ncaa/500/2483.png,,
204,ORST,Beavers,,Oregon St,Oregon State,Oregon State Beavers,231f20,d73f09,https://a.espncdn.com/i/teamlogos/ncaa/500/204.png,,
279,PAC,Tigers,,Pacific,Pacific,Pacific Tigers,F47820,c2c3c0,https://a.espncdn.com/i/teamlogos/ncaa/500/279.png,,
213,PSU,Lady Lions,,Penn State,Penn State,Penn State Lady Lions,00265D,002e5c,https://a.espncdn.com/i/teamlogos/ncaa/500/213.png,,
219,PENN,Quakers,,Penn,Pennsylvania,Pennsylvania Quakers,082A74,a6163d,https://a.espncdn.com/i/teamlogos/ncaa/500/219.png,,
2492,PEPP,Waves,,Pepperdine,Pepperdine,Pepperdine Waves,003A72,dc762f,https://a.espncdn.com/i/teamlogos/ncaa/500/2492.png,,
221,PITT,Panthers,,Pitt,Pittsburgh,Pittsburgh Panthers,003263,231f20,https://a.espncdn.com/i/teamlogos/ncaa/500/221.png,,
2501,PORT,Pilots,,Portland,Portland,Portland Pilots,330072,a8b3ba,https://a.espncdn.com/i/teamlogos/ncaa/500/2501.png,,
2502,PRST,Vikings,,Portland St,Portland State,Portland State Vikings,00311e,ebebeb,https://a.espncdn.com/i/teamlogos/ncaa/500/2502.png,,
2504,PV,Lady Panthers,,Prairie View,Prairie View A&M,Prairie View A&M Lady Panthers,4d0960,,https://a.espncdn.com/i/teamlogos/ncaa/500/2504.png,,
2506,PRES,Blue Hose,,Presbyterian,Presbyterian,Presbyterian Blue Hose,194896,990134,https://a.espncdn.com/i/teamlogos/ncaa/500/2506.png,,
163,PRIN,Tigers,,Princeton,Princeton,Princeton Tigers,000000,ff6000,https://a.espncdn.com/i/teamlogos/ncaa/500/163.png,,
2507,PROV,Friars,,Providence,Providence,Providence Friars,000000,a3a19e,https://a.espncdn.com/i/teamlogos/ncaa/500/2507.png,,
2509,PUR,Boilermakers,,Purdue,Purdue,Purdue Boilermakers,000000,cfb991,https://a.espncdn.com/i/teamlogos/ncaa/500/2509.png,,
2870,PFW,Mastodons,,Purdue FW,Purdue Fort Wayne,Purdue Fort Wayne Mastodons,00378A,f0f0f0,https://a.espncdn.com/i/teamlogos/ncaa/500/2870.png,,
2511,QUC,Royals,,Queens,Queens University,Queens University Royals,000000,,https://a.espncdn.com/i/teamlogos/ncaa/500/2511.png,,
2514,QUIN,Bobcats,,Quinnipiac,Quinnipiac,Quinnipiac Bobcats,041B43,,https://a.espncdn.com/i/teamlogos/ncaa/500/2514.png,,
2515,RAD,Highlanders,,Radford,Radford,Radford Highlanders,BC1515,c2c3c0,https://a.espncdn.com/i/teamlogos/ncaa/500/2515.png,,
227,URI,Rams,,Rhode Island,Rhode Island,Rhode Island Rams,091f3f,5ab3e8,https://a.espncdn.com/i/teamlogos/ncaa/500/227.png,,
242,RICE,Owls,,Rice,Rice,Rice Owls,d1d5d8,003d7d,https://a.espncdn.com/i/teamlogos/ncaa/500/242.png,,
257,RICH,Spiders,,Richmond,Richmond,Richmond Spiders,9e0712,b90b2e,https://a.espncdn.com/i/teamlogos/ncaa/500/257.png,,
2520,RID,Broncs,,Rider,Rider,Rider Broncs,a80532,ebebeb,https://a.espncdn.com/i/teamlogos/ncaa/500/2520.png,,
2523,RMU,Colonials,,Robert Morris,Robert Morris,Robert Morris Colonials,00214D,a21d2b,https://a.espncdn.com/i/teamlogos/ncaa/500/2523.png,,
164,RUTG,Scarlet Knights,,Rutgers,Rutgers,Rutgers Scarlet Knights,d21034,ffffff,https://a.espncdn.com/i/teamlogos/ncaa/500/164.png,,
2545,SELA,Lady Lions,,SE Louisiana,SE Louisiana,SE Louisiana Lady Lions,215732,ffc72c,https://a.espncdn.com/i/teamlogos/ncaa/500/2545.png,,
2565,SIUE,Cougars,,SIUE,SIU Edwardsville,SIU Edwardsville Cougars,eb1c23,080808,https://a.espncdn.com/i/teamlogos/ncaa/500/2565.png,,
2567,SMU,Mustangs,,SMU,SMU,SMU Mustangs,354ca1,cc0035,https://a.espncdn.com/i/teamlogos/ncaa/500/2567.png,,
16,SAC,Hornets,,Sacramento St,Sacramento State,Sacramento State Hornets,00573C,cdb97d,https://a.espncdn.com/i/teamlogos/ncaa/500/16.png,,
2529,SHU,Pioneers,,Sacred Heart,Sacred Heart,Sacred Heart Pioneers,a40012,c29472,https://a.espncdn.com/i/teamlogos/ncaa/500/2529.png,,
2603,JOES,Hawks,,Saint Joseph's,Saint Joseph's,Saint Joseph's Hawks,C2071B,101010,https://a.espncdn.com/i/teamlogos/ncaa/500/2603.png,,
139,SLU,Billikens,,Saint Louis,Saint Louis,Saint Louis Billikens,00539C,ebebeb,https://a.espncdn.com/i/teamlogos/ncaa/500/139.png,,
2608,SMC,Gaels,,Saint Mary's,Saint Mary's,Saint Mary's Gaels,d80024,003057,https://a.espncdn.com/i/teamlogos/ncaa/500/2608.png,,
2612,SPU,Peacocks,,Saint Peter's,Saint Peter's,Saint Peter's Peacocks,004CC2,,https://a.espncdn.com/i/teamlogos/ncaa/500/2612.png,,
2534,SHSU,Bearkats,,Sam Houston,Sam Houston,Sam Houston Bearkats,fe5000,000000,https://a.espncdn.com/i/teamlogos/ncaa/500/2534.png,,
2535,SAM,Bulldogs,,Samford,Samford,Samford Bulldogs,005485,bc0023,https://a.espncdn.com/i/teamlogos/ncaa/500/2535.png,,
21,SDSU,Aztecs,,San Diego St,San Diego State,San Diego State Aztecs,c41230,000000,https://a.espncdn.com/i/teamlogos/ncaa/500/21.png,,
301,USD,Toreros,,San Diego,San Diego,San Diego Toreros,2f99d4,2f99d4,https://a.espncdn.com/i/teamlogos/ncaa/500/301.png,,
2539,SF,Dons,,San Francisco,San Francisco,San Francisco Dons,22523F,fbcd3c,https://a.espncdn.com/i/teamlogos/ncaa/500/2539.png,,
23,SJSU,Spartans,,San José St,San José State,San José State Spartans,005893,fdba31,https://a.espncdn.com/i/teamlogos/ncaa/500/23.png,,
2541,SCU,Broncos,,Santa Clara,Santa Clara,Santa Clara Broncos,690b0b,101010,https://a.espncdn.com/i/teamlogos/ncaa/500/2541.png,,
2547,SEA,Redhawks,,Seattle U,Seattle U,Seattle U Redhawks,BF2E1A,c2c3c0,https://a.espncdn.com/i/teamlogos/ncaa/500/2547.png,,
2550,HALL,Pirates,,Seton Hall,Seton Hall,Seton Hall Pirates,0857B1,8a8d8f,https://a.espncdn.com/i/teamlogos/ncaa/500/2550.png,,
2561,SIE,Saints,,Siena,Siena,Siena Saints,037961,eea60f,https://a.espncdn.com/i/teamlogos/ncaa/500/2561.png,,
6,USA,Jaguars,,South Alabama,South Alabama,South Alabama Jaguars,003E7E,,https://a.espncdn.com/i/teamlogos/ncaa/500/6.png,,
2579,SC,Gamecocks,,South Carolina,South Carolina,South Carolina Gamecocks,73000a,ffffff,https://a.espncdn.com/i/teamlogos/ncaa/500/2579.png,,
2569,SCST,Lady Bulldogs,,SC State,South Carolina State,South Carolina State Lady Bulldogs,7d1315,104897,https://a.espncdn.com/i/teamlogos/ncaa/500/2569.png,,
2908,UPST,Spartans,,SC Upstate,South Carolina Upstate,South Carolina Upstate Spartans,008545,000000,https://a.espncdn.com/i/teamlogos/ncaa/500/2908.png,,
233,SDAK,Coyotes,,South Dakota,South Dakota,South Dakota Coyotes,CD1241,f0f0f0,https://a.espncdn.com/i/teamlogos/ncaa/500/233.png,,
2571,SDST,Jackrabbits,,S Dakota St,South Dakota State,South Dakota State Jackrabbits,0033a0,ffd100,https://a.espncdn.com/i/teamlogos/ncaa/500/2571.png,,
58,USF,Bulls,,South Florida,South Florida,South Florida Bulls,004A36,231f20,https://a.espncdn.com/i/teamlogos/ncaa/500/58.png,,
2546,SEMO,Redhawks,,SE Missouri,Southeast Missouri State,Southeast Missouri State Redhawks,c8102e,000000,https://a.espncdn.com/i/teamlogos/ncaa/500/2546.png,,
79,SIU,Salukis,,S Illinois,Southern Illinois,Southern Illinois Salukis,85283D,c2c3c0,https://a.espncdn.com/i/teamlogos/ncaa/500/79.png,,
88,USI,Screaming Eagles,,So Indiana,Southern Indiana,Southern Indiana Screaming Eagles,000000,,https://a.espncdn.com/i/teamlogos/ncaa/500/88.png,,
2582,SOU,Jaguars,,Southern,Southern,Southern Jaguars,004B97,ffc82d,https://a.espncdn.com/i/teamlogos/ncaa/500/2582.png,,
2572,USM,Lady Eagles,,Southern Miss,Southern Miss,Southern Miss Lady Eagles,FFAA3C,ffc423,https://a.espncdn.com/i/teamlogos/ncaa/500/2572.png,,
253,SUU,Thunderbirds,,Southern Utah,Southern Utah,Southern Utah Thunderbirds,c72026,000000,https://a.espncdn.com/i/teamlogos/ncaa/500/253.png,,
179,SBU,Bonnies,,St Bonaventure,St. Bonaventure,St. Bonaventure Bonnies,70261D,,https://a.espncdn.com/i/teamlogos/ncaa/500/179.png,,
2598,SFPA,Red Flash,,St Francis PA,St. Francis (PA),St. Francis (PA) Red Flash,a20012,,https://a.espncdn.com/i/teamlogos/ncaa/500/2598.png,,
2599,SJU,Red Storm,,St John's,St. John's,St. John's Red Storm,d10000,101010,https://a.espncdn.com/i/teamlogos/ncaa/500/2599.png,,
2900,STMN,Tommies,,St Thomas (MN),St. Thomas-Minnesota,St. Thomas-Minnesota Tommies,000000,,https://a.espncdn.com/i/teamlogos/ncaa/500/2900.png,,
24,STAN,Cardinal,,Stanford,Stanford,Stanford Cardinal,8c1515,ffffff,https://a.espncdn.com/i/teamlogos/ncaa/500/24.png,,
2617,SFA,Ladyjacks,,SF Austin,Stephen F. Austin,Stephen F. Austin Ladyjacks,393996,bec0c2,https://a.espncdn.com/i/teamlogos/ncaa/500/2617.png,,
56,STET,Hatters,,Stetson,Stetson,Stetson Hatters,0a5640,56854e,https://a.espncdn.com/i/teamlogos/ncaa/500/56.png,,
284,STO,Skyhawks,,Stonehill,Stonehill,Stonehill Skyhawks,000000,,https://a.espncdn.com/i/teamlogos/ncaa/500/284.png,,
2619,STBK,Seawolves,,Stony Brook,Stony Brook,Stony Brook Seawolves,990000,,https://a.espncdn.com/i/teamlogos/ncaa/500/2619.png,,
183,SYR,Orange,,Syracuse,Syracuse,Syracuse Orange,ff6500,000e54,https://a.espncdn.com/i/teamlogos/ncaa/500/183.png,,
2628,TCU,Horned Frogs,,TCU,TCU,TCU Horned Frogs,4d1979,f1f2f3,https://a.espncdn.com/i/teamlogos/ncaa/500/2628.png,,
2627,TAR,Texans,,Tarleton St,Tarleton State,Tarleton State Texans,000000,,https://a.espncdn.com/i/teamlogos/ncaa/500/2627.png,,
218,TEM,Owls,,Temple,Temple,Temple Owls,A80532,a7a9ac,https://a.espncdn.com/i/teamlogos/ncaa/500/218.png,,
2633,TENN,Lady Volunteers,,Tennessee,Tennessee,Tennessee Lady Volunteers,ff8200,58595b,https://a.espncdn.com/i/teamlogos/ncaa/500/2633_ncw.png,,
2634,TNST,Lady Tigers,,Tennessee St,Tennessee State,Tennessee State Lady Tigers,171796,f0f0f0,https://a.espncdn.com/i/teamlogos/ncaa/500/2634.png,,
2635,TNTC,Golden Eagles,,Tennessee Tech,Tennessee Tech,Tennessee Tech Golden Eagles,5A4099,ffde00,https://a.espncdn.com/i/teamlogos/ncaa/500/2635.png,,
245,TA&M,Aggies,,Texas A&M,Texas A&M,Texas A&M Aggies,500000,ffffff,https://a.espncdn.com/i/teamlogos/ncaa/500/245.png,,
357,AMCC,Islanders,,Texas A&M-CC,Texas A&M-Corpus Christi,Texas A&M-Corpus Christi Islanders,0067c5,007f3e,https://a.espncdn.com/i/teamlogos/ncaa/500/357.png,,
251,TEX,Longhorns,,Texas,Texas,Texas Longhorns,c15d26,ffffff,https://a.espncdn.com/i/teamlogos/ncaa/500/251.png,,
2640,TXSO,Tigers,,Texas Southern,Texas Southern,Texas Southern Tigers,860038,ffffff,https://a.espncdn.com/i/teamlogos/ncaa/500/2640.png,,
326,TXST,Bobcats,,Texas St,Texas State,Texas State Bobcats,4e1719,b4975a,https://a.espncdn.com/i/teamlogos/ncaa/500/326.png,,
2641,TTU,Lady Raiders,,Texas Tech,Texas Tech,Texas Tech Lady Raiders,000000,da291c,https://a.espncdn.com/i/teamlogos/ncaa/500/2641.png,,
2649,TOL,Rockets,,Toledo,Toledo,Toledo Rockets,0a2240,ffcd00,https://a.espncdn.com/i/teamlogos/ncaa/500/2649.png,,
119,TOW,Tigers,,Towson,Towson,Towson Tigers,FFC229,,https://a.espncdn.com/i/teamlogos/ncaa/500/119.png,,
2653,TROY,Trojans,,Troy,Troy,Troy Trojans,AE0210,88898c,https://a.espncdn.com/i/teamlogos/ncaa/500/2653.png,,
2655,TULN,Green Wave,,Tulane,Tulane,Tulane Green Wave,006547,468ac9,https://a.espncdn.com/i/teamlogos/ncaa/500/2655.png,,
202,TLSA,Golden Hurricane,,Tulsa,Tulsa,Tulsa Golden Hurricane,003595,d0b787,https://a.espncdn.com/i/teamlogos/ncaa/500/202.png,,
5,UAB,Blazers,,UAB,UAB,UAB Blazers,054338,ffc845,https://a.espncdn.com/i/teamlogos/ncaa/500/5.png,,
399,ALB,Great Danes,,UAlbany,UAlbany,UAlbany Great Danes,3D2777,ffffff,https://a.espncdn.com/i/teamlogos/ncaa/500/399.png,,
302,UCD,Aggies,,UC Davis,UC Davis,UC Davis Aggies,002855,c3c4c6,https://a.espncdn.com/i/teamlogos/ncaa/500/302.png,,
300,UCI,Anteaters,,UC Irvine,UC Irvine,UC Irvine Anteaters,002B5C,fec52e,https://a.espncdn.com/i/teamlogos/ncaa/500/300.png,,
27,UCR,Highlanders,,UC Riverside,UC Riverside,UC Riverside Highlanders,14234F,,https://a.espncdn.com/i/teamlogos/ncaa/500/27.png,,
28,UCSD,Tritons,,UC San Diego,UC San Diego,UC San Diego Tritons,000000,,https://a.espncdn.com/i/teamlogos/ncaa/500/28.png,,
2540,UCSB,Gauchos,,Santa Barbara,UC Santa Barbara,UC Santa Barbara Gauchos,1e1840,febc11,https://a.espncdn.com/i/teamlogos/ncaa/500/2540.png,,
2116,UCF,Knights,,UCF,UCF,UCF Knights,000000,b4a269,https://a.espncdn.com/i/teamlogos/ncaa/500/2116.png,,
26,UCLA,Bruins,,UCLA,UCLA,UCLA Bruins,2774ae,f2a900,https://a.espncdn.com/i/teamlogos/ncaa/500/26.png,,
41,CONN,Huskies,,UConn,UConn,UConn Huskies,0c2340,f1f2f3,https://a.espncdn.com/i/teamlogos/ncaa/500/41.png,,
82,UIC,Flames,,UIC,UIC,UIC Flames,001e62,d50032,https://a.espncdn.com/i/teamlogos/ncaa/500/82.png,,
2433,ULM,Warhawks,,UL Monroe,UL Monroe,UL Monroe Warhawks,231F20,b18445,https://a.espncdn.com/i/teamlogos/ncaa/500/2433.png,,
2378,UMBC,Retrievers,,UMBC,UMBC,UMBC Retrievers,000000,ad860a,https://a.espncdn.com/i/teamlogos/ncaa/500/2378.png,,
2349,UML,River Hawks,,UMass Lowell,UMass Lowell,UMass Lowell River Hawks,000000,cf1f2f,https://a.espncdn.com/i/teamlogos/ncaa/500/2349.png,,
2427,UNCA,Bulldogs,,UNC Asheville,UNC Asheville,UNC Asheville Bulldogs,003da5,ffffff,https://a.espncdn.com/i/teamlogos/ncaa/500/2427.png,,
2430,UNCG,Spartans,,UNC Greensboro,UNC Greensboro,UNC Greensboro Spartans,003559,ffd90a,https://a.espncdn.com/i/teamlogos/ncaa/500/2430.png,,
350,UNCW,Seahawks,,UNC Wilmington,UNC Wilmington,UNC Wilmington Seahawks,00665e,ffda00,https://a.espncdn.com/i/teamlogos/ncaa/500/350.png,,
2439,UNLV,Lady Rebels,,UNLV,UNLV,UNLV Lady Rebels,b10202,ffffff,https://a.espncdn.com/i/teamlogos/ncaa/500/2439.png,,
30,USC,Trojans,,USC,USC,USC Trojans,9e2237,ffcc00,https://a.espncdn.com/i/teamlogos/ncaa/500/30.png,,
250,UTA,Mavericks,,UT Arlington,UT Arlington,UT Arlington Mavericks,004b7c,f58024,https://a.espncdn.com/i/teamlogos/ncaa/500/250.png,,
2630,UTM,Skyhawks,,UT Martin,UT Martin,UT Martin Skyhawks,FF6700,102a5c,https://a.espncdn.com/i/teamlogos/ncaa/500/2630.png,,
292,RGV,Vaqueros,,UT Rio Grande,UT Rio Grande Valley,UT Rio Grande Valley Vaqueros,dc6000,e1732d,https://a.espncdn.com/i/teamlogos/ncaa/500/292.png,,
2638,UTEP,Miners,,UTEP,UTEP,UTEP Miners,ff8200,041e42,https://a.espncdn.com/i/teamlogos/ncaa/500/2638.png,,
2636,UTSA,Roadrunners,,UTSA,UTSA,UTSA Roadrunners,002A5C,f47321,https://a.espncdn.com/i/teamlogos/ncaa/500/2636.png,,
328,USU,Aggies,,Utah State,Utah State,Utah State Aggies,00263a,949ca1,https://a.espncdn.com/i/teamlogos/ncaa/500/328.png,,
3101,UTU,Trailblazers,,Utah Tech,Utah Tech,Utah Tech Trailblazers,000000,,https://a.espncdn.com/i/teamlogos/ncaa/500/3101.png,,
254,UTAH,Utes,,Utah,Utah,Utah Utes,ea002a,ffffff,https://a.espncdn.com/i/teamlogos/ncaa/500/254.png,,
3084,UVU,Wolverines,,Utah Valley,Utah Valley,Utah Valley Wolverines,004812,e1c736,https://a.espncdn.com/i/teamlogos/ncaa/500/3084.png,,
2670,VCU,Rams,,VCU,VCU,VCU Rams,ffaf00,000000,https://a.espncdn.com/i/teamlogos/ncaa/500/2670.png,,
2674,VAL,Beacons,,Valparaiso,Valparaiso,Valparaiso Beacons,794500,,https://a.espncdn.com/i/teamlogos/ncaa/500/2674.png,,
238,VAN,Commodores,,Vanderbilt,Vanderbilt,Vanderbilt Commodores,000000,231f20,https://a.espncdn.com/i/teamlogos/ncaa/500/238.png,,
261,UVM,Catamounts,,Vermont,Vermont,Vermont Catamounts,154734,ffc72c,https://a.espncdn.com/i/teamlogos/ncaa/500/261.png,,
222,VILL,Wildcats,,Villanova,Villanova,Villanova Wildcats,00205b,13b5ea,https://a.espncdn.com/i/teamlogos/ncaa/500/222.png,,
258,UVA,Cavaliers,,Virginia,Virginia,Virginia Cavaliers,232d4b,f84c1e,https://a.espncdn.com/i/teamlogos/ncaa/500/258.png,,
259,VT,Hokies,,Virginia Tech,Virginia Tech,Virginia Tech Hokies,630031,cf4520,https://a.espncdn.com/i/teamlogos/ncaa/500/259.png,,
2681,WAG,Seahawks,,Wagner,Wagner,Wagner Seahawks,00483A,ffffff,https://a.espncdn.com/i/teamlogos/ncaa/500/2681.png,,
154,WAKE,Demon Deacons,,Wake Forest,Wake Forest,Wake Forest Demon Deacons,000000,ceb888,https://a.espncdn.com/i/teamlogos/ncaa/500/154.png,,
264,WASH,Huskies,,Washington,Washington,Washington Huskies,33006f,e8d3a2,https://a.espncdn.com/i/teamlogos/ncaa/500/264.png,,
265,WSU,Cougars,,Washington St,Washington State,Washington State Cougars,981e32,ffffff,https://a.espncdn.com/i/teamlogos/ncaa/500/265.png,,
2692,WEB,Wildcats,,Weber St,Weber State,Weber State Wildcats,18005a,ebebeb,https://a.espncdn.com/i/teamlogos/ncaa/500/2692.png,,
277,WVU,Mountaineers,,West Virginia,West Virginia,West Virginia Mountaineers,002855,eaaa00,https://a.espncdn.com/i/teamlogos/ncaa/500/277.png,,
2717,WCU,Catamounts,,W Carolina,Western Carolina,Western Carolina Catamounts,492F91,bf9e70,https://a.espncdn.com/i/teamlogos/ncaa/500/2717.png,,
2710,WIU,Leathernecks,,W Illinois,Western Illinois,Western Illinois Leathernecks,4e1e8a,ffc90a,https://a.espncdn.com/i/teamlogos/ncaa/500/2710.png,,
98,WKU,Lady Toppers,,Western KY,Western Kentucky,Western Kentucky Lady Toppers,F32026,b3b5b8,https://a.espncdn.com/i/teamlogos/ncaa/500/98.png,,
2711,WMU,Broncos,,W Michigan,Western Michigan,Western Michigan Broncos,532e1f,8b7f79,https://a.espncdn.com/i/teamlogos/ncaa/500/2711.png,,
2724,WICH,Shockers,,Wichita St,Wichita State,Wichita State Shockers,0d0a03,ffc41e,https://a.espncdn.com/i/teamlogos/ncaa/500/2724.png,,
2729,W&M,Tribe,,William & Mary,William & Mary,William & Mary Tribe,103217,f6b220,https://a.espncdn.com/i/teamlogos/ncaa/500/2729.png,,
2737,WIN,Eagles,,Winthrop,Winthrop,Winthrop Eagles,9e0b0e,fdb41e,https://a.espncdn.com/i/teamlogos/ncaa/500/2737.png,,
275,WIS,Badgers,,Wisconsin,Wisconsin,Wisconsin Badgers,c4012f,ffffff,https://a.espncdn.com/i/teamlogos/ncaa/500/275.png,,
2747,WOF,Terriers,,Wofford,Wofford,Wofford Terriers,533B24,f0f0f0,https://a.espncdn.com/i/teamlogos/ncaa/500/2747.png,,
2750,WRST,Raiders,,Wright St,Wright State,Wright State Raiders,cba052,cba052,https://a.espncdn.com/i/teamlogos/ncaa/500/2750.png,,
2751,WYO,Cowgirls,,Wyoming,Wyoming,Wyoming Cowgirls,492f24,ffc425,https://a.espncdn.com/i/teamlogos/ncaa/500/2751.png,,
2752,XAV,Musketeers,,Xavier,Xavier,Xavier Musketeers,21304e,a5a7a8,https://a.espncdn.com/i/teamlogos/ncaa/500/2752.png,,
43,YALE,Bulldogs,,Yale,Yale,Yale Bulldogs,004a81,286dc0,https://a.espncdn.com/i/teamlogos/ncaa/500/43.png,,
2754,YSU,Penguins,,Youngstown St,Youngstown State,Youngstown State Penguins,E51937,690717,https://a.espncdn.com/i/teamlogos/ncaa/500/2754.png,,
